name,email,password,phone,address,answer
John Doe,jdoe1@loadtest.com,TestPass123,+11234567801,123 Main St City 10001,pizza
Jane Smith,jsmith1@loadtest.com,TestPass123,+11234567802,456 Oak Ave City 10002,pizza
Mike Johnson,mjohnson1@loadtest.com,TestPass123,+11234567803,789 Pine Rd City 10003,pizza
Sarah Williams,swilliams1@loadtest.com,TestPass123,+11234567804,321 Elm St City 10004,pizza
David Brown,dbrown1@loadtest.com,TestPass123,+11234567805,654 Maple Dr City 10005,pizza
Lisa Davis,ldavis1@loadtest.com,TestPass123,+11234567806,987 Birch Ln City 10006,pizza
Tom Wilson,twilson1@loadtest.com,TestPass123,+11234567807,147 Cedar Way City 10007,pizza
Amy Taylor,ataylor1@loadtest.com,TestPass123,+11234567808,258 Spruce Ct City 10008,pizza
Chris Moore,cmoore1@loadtest.com,TestPass123,+11234567809,369 Willow Pl City 10009,pizza
Emma Anderson,eanderson1@loadtest.com,TestPass123,+11234567810,741 Ash Blvd City 10010,pizza
Robert Thomas,rthomas1@loadtest.com,TestPass123,+11234567811,852 Poplar St City 10011,pizza
Maria Jackson,mjackson1@loadtest.com,TestPass123,+11234567812,963 Hickory Ave City 10012,pizza
James White,jwhite1@loadtest.com,TestPass123,+11234567813,159 Walnut Rd City 10013,pizza
Patricia Harris,pharris1@loadtest.com,TestPass123,+11234567814,357 Chestnut Dr City 10014,pizza
Michael Martin,mmartin1@loadtest.com,TestPass123,+11234567815,468 Sycamore Ln City 10015,pizza
Jennifer Garcia,jgarcia1@loadtest.com,TestPass123,+11234567816,571 Magnolia Ave City 10016,pizza
Daniel Rodriguez,drodriguez1@loadtest.com,TestPass123,+11234567817,684 Dogwood Rd City 10017,pizza
Nancy Martinez,nmartinez1@loadtest.com,TestPass123,+11234567818,795 Redwood Dr City 10018,pizza
Kevin Robinson,krobinson1@loadtest.com,TestPass123,+11234567819,806 Cypress Ln City 10019,pizza
Carol Clark,cclark1@loadtest.com,TestPass123,+11234567820,917 Juniper Way City 10020,pizza
Steven Lewis,slewis1@loadtest.com,TestPass123,+11234567821,128 Fir Ct City 10021,pizza
Michelle Lee,mlee1@loadtest.com,TestPass123,+11234567822,239 Hemlock Pl City 10022,pizza
Brian Walker,bwalker1@loadtest.com,TestPass123,+11234567823,340 Laurel St City 10023,pizza
Kimberly Hall,khall1@loadtest.com,TestPass123,+11234567824,451 Sequoia Blvd City 10024,pizza
Jason Allen,jallen1@loadtest.com,TestPass123,+11234567825,562 Beech Ave City 10025,pizza
Melissa Young,myoung1@loadtest.com,TestPass123,+11234567826,673 Alder Rd City 10026,pizza
Ryan Hernandez,rhernandez1@loadtest.com,TestPass123,+11234567827,784 Cottonwood Dr City 10027,pizza
Amanda King,aking1@loadtest.com,TestPass123,+11234567828,895 Mesquite Ln City 10028,pizza
Justin Wright,jwright1@loadtest.com,TestPass123,+11234567829,906 Palm Way City 10029,pizza
Ashley Lopez,alopez1@loadtest.com,TestPass123,+11234567830,117 Eucalyptus Ct City 10030,pizza
Brandon Hill,bhill1@loadtest.com,TestPass123,+11234567831,228 Willow Oak Pl City 10031,pizza
Stephanie Scott,sscott1@loadtest.com,TestPass123,+11234567832,339 Live Oak St City 10032,pizza
Nicholas Green,ngreen1@loadtest.com,TestPass123,+11234567833,440 White Oak Blvd City 10033,pizza
Rebecca Adams,radams1@loadtest.com,TestPass123,+11234567834,551 Red Oak Ave City 10034,pizza
Tyler Baker,tbaker1@loadtest.com,TestPass123,+11234567835,662 Black Oak Rd City 10035,pizza
Lauren Gonzalez,lgonzalez1@loadtest.com,TestPass123,+11234567836,773 Pin Oak Dr City 10036,pizza
Zachary Nelson,znelson1@loadtest.com,TestPass123,+11234567837,884 Bur Oak Ln City 10037,pizza
Samantha Carter,scarter1@loadtest.com,TestPass123,+11234567838,995 Scarlet Oak Way City 10038,pizza
Aaron Mitchell,amitchell1@loadtest.com,TestPass123,+11234567839,106 Valley Oak Ct City 10039,pizza
Katherine Perez,kperez1@loadtest.com,TestPass123,+11234567840,217 Canyon Oak Pl City 10040,pizza